entry_type,ats,company,board_token,token_type,hosted_board_url,api_jobs_url,api_jobs_content_url,api_method,source_status,source_checked_date,source_dataset,source_url,notes
board,jobvite,aarete,aarete,slug,https://jobs.jobvite.com/aarete,,,HTML,public_seed_unverified,2026-09-22,GitHub code-search harvest,https://github.com/,Publicly observed ATS tenant/board token. Validate live status during crawler execution.
board,jobvite,actionet,actionet,slug,https://jobs.jobvite.com/actionet,,,HTML,public_seed_unverified,2026-09-22,GitHub code-search harvest,https://github.com/,Publicly observed ATS tenant/board token. Validate live status during crawler execution.
board,jobvite,actionet-review,actionet-review,slug,https://jobs.jobvite.com/actionet-review,,,HTML,public_seed_unverified,2026-09-22,GitHub code-search harvest,https://github.com/,Publicly observed ATS tenant/board token. Validate live status during crawler execution.
board,jobvite,alienvault,alienvault,slug,https://jobs.jobvite.com/alienvault,,,HTML,public_seed_unverified,2026-09-22,GitHub code-search harvest,https://github.com/,Publicly observed ATS tenant/board token. Validate live status during crawler execution.
board,jobvite,altamiracorps,altamiracorps,slug,https://jobs.jobvite.com/altamiracorps,,,HTML,public_seed_unverified,2026-09-22,GitHub code-search harvest,https://github.com/,Publicly observed ATS tenant/board token. Validate live status during crawler execution.
board,jobvite,ashoka,ashoka,slug,https://jobs.jobvite.com/ashoka,,,HTML,public_seed_unverified,2026-09-22,GitHub code-search harvest,https://github.com/,Publicly observed ATS tenant/board token. Validate live status during crawler execution.
board,jobvite,asus,asus,slug,https://jobs.jobvite.com/asus,,,HTML,public_seed_unverified,2026-09-22,GitHub code-search harvest,https://github.com/,Publicly observed ATS tenant/board token. Validate live status during crawler execution.
board,jobvite,biofiredx,biofiredx,slug,https://jobs.jobvite.com/biofiredx,,,HTML,public_seed_unverified,2026-09-22,GitHub code-search harvest,https://github.com/,Publicly observed ATS tenant/board token. Validate live status during crawler execution.
board,jobvite,blizzard,blizzard,slug,https://jobs.jobvite.com/blizzard,,,HTML,public_seed_unverified,2026-09-22,GitHub code-search harvest,https://github.com/,Publicly observed ATS tenant/board token. Validate live status during crawler execution.
board,jobvite,bpbcareers,bpbcareers,slug,https://jobs.jobvite.com/bpbcareers,,,HTML,public_seed_unverified,2026-09-22,GitHub code-search harvest,https://github.com/,Publicly observed ATS tenant/board token. Validate live status during crawler execution.
board,jobvite,chobani,chobani,slug,https://jobs.jobvite.com/chobani,,,HTML,public_seed_unverified,2026-09-22,GitHub code-search harvest,https://github.com/,Publicly observed ATS tenant/board token. Validate live status during crawler execution.
board,jobvite,cirruslogic,cirruslogic,slug,https://jobs.jobvite.com/cirruslogic,,,HTML,public_seed_unverified,2026-09-22,GitHub code-search harvest,https://github.com/,Publicly observed ATS tenant/board token. Validate live status during crawler execution.
board,jobvite,citco,citco,slug,https://jobs.jobvite.com/citco,,,HTML,public_seed_unverified,2026-09-22,GitHub code-search harvest,https://github.com/,Publicly observed ATS tenant/board token. Validate live status during crawler execution.
board,jobvite,clearpath,clearpath,slug,https://jobs.jobvite.com/clearpath,,,HTML,public_seed_unverified,2026-09-22,GitHub code-search harvest,https://github.com/,Publicly observed ATS tenant/board token. Validate live status during crawler execution.
board,jobvite,confluent,confluent,slug,https://jobs.jobvite.com/confluent,,,HTML,public_seed_unverified,2026-09-22,GitHub code-search harvest,https://github.com/,Publicly observed ATS tenant/board token. Validate live status during crawler execution.
board,jobvite,crossover-health,crossover-health,slug,https://jobs.jobvite.com/crossover-health,,,HTML,public_seed_unverified,2026-09-22,GitHub code-search harvest,https://github.com/,Publicly observed ATS tenant/board token. Validate live status during crawler execution.
board,jobvite,crowdstrike,crowdstrike,slug,https://jobs.jobvite.com/crowdstrike,,,HTML,public_seed_unverified,2026-09-22,GitHub code-search harvest,https://github.com/,Publicly observed ATS tenant/board token. Validate live status during crawler execution.
board,jobvite,curriculumassociates,curriculumassociates,slug,https://jobs.jobvite.com/curriculumassociates,,,HTML,public_seed_unverified,2026-09-22,GitHub code-search harvest,https://github.com/,Publicly observed ATS tenant/board token. Validate live status during crawler execution.
board,jobvite,dotdash,dotdash,slug,https://jobs.jobvite.com/dotdash,,,HTML,public_seed_unverified,2026-09-22,GitHub code-search harvest,https://github.com/,Publicly observed ATS tenant/board token. Validate live status during crawler execution.
board,jobvite,egnyte,egnyte,slug,https://jobs.jobvite.com/egnyte,,,HTML,public_seed_unverified,2026-09-22,GitHub code-search harvest,https://github.com/,Publicly observed ATS tenant/board token. Validate live status during crawler execution.
board,jobvite,elire,elire,slug,https://jobs.jobvite.com/elire,,,HTML,public_seed_unverified,2026-09-22,GitHub code-search harvest,https://github.com/,Publicly observed ATS tenant/board token. Validate live status during crawler execution.
board,jobvite,emoneyadvisor-review,emoneyadvisor-review,slug,https://jobs.jobvite.com/emoneyadvisor-review,,,HTML,public_seed_unverified,2026-09-22,GitHub code-search harvest,https://github.com/,Publicly observed ATS tenant/board token. Validate live status during crawler execution.
board,jobvite,exabeam,exabeam,slug,https://jobs.jobvite.com/exabeam,,,HTML,public_seed_unverified,2026-09-22,GitHub code-search harvest,https://github.com/,Publicly observed ATS tenant/board token. Validate live status during crawler execution.
board,jobvite,fieldcore,fieldcore,slug,https://jobs.jobvite.com/fieldcore,,,HTML,public_seed_unverified,2026-09-22,GitHub code-search harvest,https://github.com/,Publicly observed ATS tenant/board token. Validate live status during crawler execution.
board,jobvite,fingerpaint,fingerpaint,slug,https://jobs.jobvite.com/fingerpaint,,,HTML,public_seed_unverified,2026-09-22,GitHub code-search harvest,https://github.com/,Publicly observed ATS tenant/board token. Validate live status during crawler execution.
board,jobvite,fiverings,fiverings,slug,https://jobs.jobvite.com/fiverings,,,HTML,public_seed_unverified,2026-09-22,GitHub code-search harvest,https://github.com/,Publicly observed ATS tenant/board token. Validate live status during crawler execution.
board,jobvite,ghx,ghx,slug,https://jobs.jobvite.com/ghx,,,HTML,public_seed_unverified,2026-09-22,GitHub code-search harvest,https://github.com/,Publicly observed ATS tenant/board token. Validate live status during crawler execution.
board,jobvite,gresearch,gresearch,slug,https://jobs.jobvite.com/gresearch,,,HTML,public_seed_unverified,2026-09-22,GitHub code-search harvest,https://github.com/,Publicly observed ATS tenant/board token. Validate live status during crawler execution.
board,jobvite,iboss,iboss,slug,https://jobs.jobvite.com/iboss,,,HTML,public_seed_unverified,2026-09-22,GitHub code-search harvest,https://github.com/,Publicly observed ATS tenant/board token. Validate live status during crawler execution.
board,jobvite,idtus,idtus,slug,https://jobs.jobvite.com/idtus,,,HTML,public_seed_unverified,2026-09-22,GitHub code-search harvest,https://github.com/,Publicly observed ATS tenant/board token. Validate live status during crawler execution.
board,jobvite,inogen,inogen,slug,https://jobs.jobvite.com/inogen,,,HTML,public_seed_unverified,2026-09-22,GitHub code-search harvest,https://github.com/,Publicly observed ATS tenant/board token. Validate live status during crawler execution.
board,jobvite,internetbrands,internetbrands,slug,https://jobs.jobvite.com/internetbrands,,,HTML,public_seed_unverified,2026-09-22,GitHub code-search harvest,https://github.com/,Publicly observed ATS tenant/board token. Validate live status during crawler execution.
board,jobvite,isoftstone,isoftstone,slug,https://jobs.jobvite.com/isoftstone,,,HTML,public_seed_unverified,2026-09-22,GitHub code-search harvest,https://github.com/,Publicly observed ATS tenant/board token. Validate live status during crawler execution.
board,jobvite,jumio-corporation,jumio-corporation,slug,https://jobs.jobvite.com/jumio-corporation,,,HTML,public_seed_unverified,2026-09-22,GitHub code-search harvest,https://github.com/,Publicly observed ATS tenant/board token. Validate live status during crawler execution.
board,jobvite,justicedigitalandtechnology,justicedigitalandtechnology,slug,https://jobs.jobvite.com/justicedigitalandtechnology,,,HTML,public_seed_unverified,2026-09-22,GitHub code-search harvest,https://github.com/,Publicly observed ATS tenant/board token. Validate live status during crawler execution.
board,jobvite,laserfiche,laserfiche,slug,https://jobs.jobvite.com/laserfiche,,,HTML,public_seed_unverified,2026-09-22,GitHub code-search harvest,https://github.com/,Publicly observed ATS tenant/board token. Validate live status during crawler execution.
board,jobvite,leantechio,leantechio,slug,https://jobs.jobvite.com/leantechio,,,HTML,public_seed_unverified,2026-09-22,GitHub code-search harvest,https://github.com/,Publicly observed ATS tenant/board token. Validate live status during crawler execution.
board,jobvite,leovegas,leovegas,slug,https://jobs.jobvite.com/leovegas,,,HTML,public_seed_unverified,2026-09-22,GitHub code-search harvest,https://github.com/,Publicly observed ATS tenant/board token. Validate live status during crawler execution.
board,jobvite,liferay,liferay,slug,https://jobs.jobvite.com/liferay,,,HTML,public_seed_unverified,2026-09-22,GitHub code-search harvest,https://github.com/,Publicly observed ATS tenant/board token. Validate live status during crawler execution.
board,jobvite,litera,litera,slug,https://jobs.jobvite.com/litera,,,HTML,public_seed_unverified,2026-09-22,GitHub code-search harvest,https://github.com/,Publicly observed ATS tenant/board token. Validate live status during crawler execution.
board,jobvite,livevox,livevox,slug,https://jobs.jobvite.com/livevox,,,HTML,public_seed_unverified,2026-09-22,GitHub code-search harvest,https://github.com/,Publicly observed ATS tenant/board token. Validate live status during crawler execution.
board,jobvite,logitech,logitech,slug,https://jobs.jobvite.com/logitech,,,HTML,public_seed_unverified,2026-09-22,GitHub code-search harvest,https://github.com/,Publicly observed ATS tenant/board token. Validate live status during crawler execution.
board,jobvite,mcclatchy,mcclatchy,slug,https://jobs.jobvite.com/mcclatchy,,,HTML,public_seed_unverified,2026-09-22,GitHub code-search harvest,https://github.com/,Publicly observed ATS tenant/board token. Validate live status during crawler execution.
board,jobvite,metropolitantransportationauthority,metropolitantransportationauthority,slug,https://jobs.jobvite.com/metropolitantransportationauthority,,,HTML,public_seed_unverified,2026-09-22,GitHub code-search harvest,https://github.com/,Publicly observed ATS tenant/board token. Validate live status during crawler execution.
board,jobvite,neogenomics,neogenomics,slug,https://jobs.jobvite.com/neogenomics,,,HTML,public_seed_unverified,2026-09-22,GitHub code-search harvest,https://github.com/,Publicly observed ATS tenant/board token. Validate live status during crawler execution.
board,jobvite,ness,ness,slug,https://jobs.jobvite.com/ness,,,HTML,public_seed_unverified,2026-09-22,GitHub code-search harvest,https://github.com/,Publicly observed ATS tenant/board token. Validate live status during crawler execution.
board,jobvite,newyork-public-radio,newyork-public-radio,slug,https://jobs.jobvite.com/newyork-public-radio,,,HTML,public_seed_unverified,2026-09-22,GitHub code-search harvest,https://github.com/,Publicly observed ATS tenant/board token. Validate live status during crawler execution.
board,jobvite,nexcess,nexcess,slug,https://jobs.jobvite.com/nexcess,,,HTML,public_seed_unverified,2026-09-22,GitHub code-search harvest,https://github.com/,Publicly observed ATS tenant/board token. Validate live status during crawler execution.
board,jobvite,ninjaone,ninjaone,slug,https://jobs.jobvite.com/ninjaone,,,HTML,public_seed_unverified,2026-09-22,GitHub code-search harvest,https://github.com/,Publicly observed ATS tenant/board token. Validate live status during crawler execution.
board,jobvite,noventiq,noventiq,slug,https://jobs.jobvite.com/noventiq,,,HTML,public_seed_unverified,2026-09-22,GitHub code-search harvest,https://github.com/,Publicly observed ATS tenant/board token. Validate live status during crawler execution.
board,jobvite,nutanix,nutanix,slug,https://jobs.jobvite.com/nutanix,,,HTML,public_seed_unverified,2026-09-22,GitHub code-search harvest,https://github.com/,Publicly observed ATS tenant/board token. Validate live status during crawler execution.
board,jobvite,ovt,ovt,slug,https://jobs.jobvite.com/ovt,,,HTML,public_seed_unverified,2026-09-22,GitHub code-search harvest,https://github.com/,Publicly observed ATS tenant/board token. Validate live status during crawler execution.
board,jobvite,paloaltonetworks,paloaltonetworks,slug,https://jobs.jobvite.com/paloaltonetworks,,,HTML,public_seed_unverified,2026-09-22,GitHub code-search harvest,https://github.com/,Publicly observed ATS tenant/board token. Validate live status during crawler execution.
board,jobvite,pandora,pandora,slug,https://jobs.jobvite.com/pandora,,,HTML,public_seed_unverified,2026-09-22,GitHub code-search harvest,https://github.com/,Publicly observed ATS tenant/board token. Validate live status during crawler execution.
board,jobvite,pingidentitycareers,pingidentitycareers,slug,https://jobs.jobvite.com/pingidentitycareers,,,HTML,public_seed_unverified,2026-09-22,GitHub code-search harvest,https://github.com/,Publicly observed ATS tenant/board token. Validate live status during crawler execution.
board,jobvite,pointofrental,pointofrental,slug,https://jobs.jobvite.com/pointofrental,,,HTML,public_seed_unverified,2026-09-22,GitHub code-search harvest,https://github.com/,Publicly observed ATS tenant/board token. Validate live status during crawler execution.
board,jobvite,pragmaticplay,pragmaticplay,slug,https://jobs.jobvite.com/pragmaticplay,,,HTML,public_seed_unverified,2026-09-22,GitHub code-search harvest,https://github.com/,Publicly observed ATS tenant/board token. Validate live status during crawler execution.
board,jobvite,progress,progress,slug,https://jobs.jobvite.com/progress,,,HTML,public_seed_unverified,2026-09-22,GitHub code-search harvest,https://github.com/,Publicly observed ATS tenant/board token. Validate live status during crawler execution.
board,jobvite,rackspace,rackspace,slug,https://jobs.jobvite.com/rackspace,,,HTML,public_seed_unverified,2026-09-22,GitHub code-search harvest,https://github.com/,Publicly observed ATS tenant/board token. Validate live status during crawler execution.
board,jobvite,retailmenot,retailmenot,slug,https://jobs.jobvite.com/retailmenot,,,HTML,public_seed_unverified,2026-09-22,GitHub code-search harvest,https://github.com/,Publicly observed ATS tenant/board token. Validate live status during crawler execution.
board,jobvite,revlocal,revlocal,slug,https://jobs.jobvite.com/revlocal,,,HTML,public_seed_unverified,2026-09-22,GitHub code-search harvest,https://github.com/,Publicly observed ATS tenant/board token. Validate live status during crawler execution.
board,jobvite,saama,saama,slug,https://jobs.jobvite.com/saama,,,HTML,public_seed_unverified,2026-09-22,GitHub code-search harvest,https://github.com/,Publicly observed ATS tenant/board token. Validate live status during crawler execution.
board,jobvite,servicenow,servicenow,slug,https://jobs.jobvite.com/servicenow,,,HTML,public_seed_unverified,2026-09-22,GitHub code-search harvest,https://github.com/,Publicly observed ATS tenant/board token. Validate live status during crawler execution.
board,jobvite,shutterfly,shutterfly,slug,https://jobs.jobvite.com/shutterfly,,,HTML,public_seed_unverified,2026-09-22,GitHub code-search harvest,https://github.com/,Publicly observed ATS tenant/board token. Validate live status during crawler execution.
board,jobvite,shutterflyinc,shutterflyinc,slug,https://jobs.jobvite.com/shutterflyinc,,,HTML,public_seed_unverified,2026-09-22,GitHub code-search harvest,https://github.com/,Publicly observed ATS tenant/board token. Validate live status during crawler execution.
board,jobvite,silabs,silabs,slug,https://jobs.jobvite.com/silabs,,,HTML,public_seed_unverified,2026-09-22,GitHub code-search harvest,https://github.com/,Publicly observed ATS tenant/board token. Validate live status during crawler execution.
board,jobvite,simaai,simaai,slug,https://jobs.jobvite.com/simaai,,,HTML,public_seed_unverified,2026-09-22,GitHub code-search harvest,https://github.com/,Publicly observed ATS tenant/board token. Validate live status during crawler execution.
board,jobvite,spectralogic,spectralogic,slug,https://jobs.jobvite.com/spectralogic,,,HTML,public_seed_unverified,2026-09-22,GitHub code-search harvest,https://github.com/,Publicly observed ATS tenant/board token. Validate live status during crawler execution.
board,jobvite,spireon,spireon,slug,https://jobs.jobvite.com/spireon,,,HTML,public_seed_unverified,2026-09-22,GitHub code-search harvest,https://github.com/,Publicly observed ATS tenant/board token. Validate live status during crawler execution.
board,jobvite,splunk,splunk,slug,https://jobs.jobvite.com/splunk,,,HTML,public_seed_unverified,2026-09-22,GitHub code-search harvest,https://github.com/,Publicly observed ATS tenant/board token. Validate live status during crawler execution.
board,jobvite,splunk-careers,splunk-careers,slug,https://jobs.jobvite.com/splunk-careers,,,HTML,public_seed_unverified,2026-09-22,GitHub code-search harvest,https://github.com/,Publicly observed ATS tenant/board token. Validate live status during crawler execution.
board,jobvite,src-inc,src-inc,slug,https://jobs.jobvite.com/src-inc,,,HTML,public_seed_unverified,2026-09-22,GitHub code-search harvest,https://github.com/,Publicly observed ATS tenant/board token. Validate live status during crawler execution.
board,jobvite,sugarcrm,sugarcrm,slug,https://jobs.jobvite.com/sugarcrm,,,HTML,public_seed_unverified,2026-09-22,GitHub code-search harvest,https://github.com/,Publicly observed ATS tenant/board token. Validate live status during crawler execution.
board,jobvite,techsmith,techsmith,slug,https://jobs.jobvite.com/techsmith,,,HTML,public_seed_unverified,2026-09-22,GitHub code-search harvest,https://github.com/,Publicly observed ATS tenant/board token. Validate live status during crawler execution.
board,jobvite,the-climate-corporation,the-climate-corporation,slug,https://jobs.jobvite.com/the-climate-corporation,,,HTML,public_seed_unverified,2026-09-22,GitHub code-search harvest,https://github.com/,Publicly observed ATS tenant/board token. Validate live status during crawler execution.
board,jobvite,trustwave,trustwave,slug,https://jobs.jobvite.com/trustwave,,,HTML,public_seed_unverified,2026-09-22,GitHub code-search harvest,https://github.com/,Publicly observed ATS tenant/board token. Validate live status during crawler execution.
board,jobvite,tylertech,tylertech,slug,https://jobs.jobvite.com/tylertech,,,HTML,public_seed_unverified,2026-09-22,GitHub code-search harvest,https://github.com/,Publicly observed ATS tenant/board token. Validate live status during crawler execution.
board,jobvite,varonis-internal,varonis-internal,slug,https://jobs.jobvite.com/varonis-internal,,,HTML,public_seed_unverified,2026-09-22,GitHub code-search harvest,https://github.com/,Publicly observed ATS tenant/board token. Validate live status during crawler execution.
board,jobvite,veeva,veeva,slug,https://jobs.jobvite.com/veeva,,,HTML,public_seed_unverified,2026-09-22,GitHub code-search harvest,https://github.com/,Publicly observed ATS tenant/board token. Validate live status during crawler execution.
board,jobvite,verifone,verifone,slug,https://jobs.jobvite.com/verifone,,,HTML,public_seed_unverified,2026-09-22,GitHub code-search harvest,https://github.com/,Publicly observed ATS tenant/board token. Validate live status during crawler execution.
board,jobvite,viking-cloud,viking-cloud,slug,https://jobs.jobvite.com/viking-cloud,,,HTML,public_seed_unverified,2026-09-22,GitHub code-search harvest,https://github.com/,Publicly observed ATS tenant/board token. Validate live status during crawler execution.
board,jobvite,visionist,visionist,slug,https://jobs.jobvite.com/visionist,,,HTML,public_seed_unverified,2026-09-22,GitHub code-search harvest,https://github.com/,Publicly observed ATS tenant/board token. Validate live status during crawler execution.
board,jobvite,wavecomp-ai,wavecomp-ai,slug,https://jobs.jobvite.com/wavecomp-ai,,,HTML,public_seed_unverified,2026-09-22,GitHub code-search harvest,https://github.com/,Publicly observed ATS tenant/board token. Validate live status during crawler execution.
board,jobvite,webmd,webmd,slug,https://jobs.jobvite.com/webmd,,,HTML,public_seed_unverified,2026-09-22,GitHub code-search harvest,https://github.com/,Publicly observed ATS tenant/board token. Validate live status during crawler execution.
board,jobvite,windriver,windriver,slug,https://jobs.jobvite.com/windriver,,,HTML,public_seed_unverified,2026-09-22,GitHub code-search harvest,https://github.com/,Publicly observed ATS tenant/board token. Validate live status during crawler execution.
board,jobvite,wri,wri,slug,https://jobs.jobvite.com/wri,,,HTML,public_seed_unverified,2026-09-22,GitHub code-search harvest,https://github.com/,Publicly observed ATS tenant/board token. Validate live status during crawler execution.
board,jobvite,zappos,zappos,slug,https://jobs.jobvite.com/zappos,,,HTML,public_seed_unverified,2026-09-22,GitHub code-search harvest,https://github.com/,Publicly observed ATS tenant/board token. Validate live status during crawler execution.
board,jobvite,zscaler,zscaler,slug,https://jobs.jobvite.com/zscaler,,,HTML,public_seed_unverified,2026-09-22,GitHub code-search harvest,https://github.com/,Publicly observed ATS tenant/board token. Validate live status during crawler execution.
board,jobvite,zynga,zynga,slug,https://jobs.jobvite.com/zynga,,,HTML,public_seed_unverified,2026-09-22,GitHub code-search harvest,https://github.com/,Publicly observed ATS tenant/board token. Validate live status during crawler execution.
